{
  "body_part": "Hair & Scalp",
  "diseases": [
    {
      "disease": "Hair issues / lice / poor scalp condition",
      "remedy": "Raw honey, oils, henna",
      "method": "Massage raw honey or oils into scalp; henna applications for scalp health and headache relief",
      "dose": "Apply as needed; 1–2 times weekly",
      "timing": "Weekly",
      "source": "Natural Healing with the Medicine of the Prophet — honey and henna uses",
      "remedy_image_url": "https://upload.wikimedia.org/wikipedia/commons/4/49/Honey_in_a_jar.jpg",
      "remedy_description": "Combination treatments often use raw honey (viscous golden syrup), natural oils (varied colors and textures), and henna powder (greenish-brown) for hair care. More images: https://commons.wikimedia.org/wiki/Category:Honey"
    }
  ]
}